pitch,yaw,roll
0.1332342028617859,-6.265439987182617,0.3067837059497833
